{
  "AWSTemplateFormatVersion": "2010-09-09",
  "Conditions": {
    "BlankCluster": {
      "Fn::Equals": [
        {
          "Ref": "Cluster"
        },
        ""
      ]
    },
    "BlankPostgresService": { 
      "Fn::Equals": [
        "",
        ""
      ]
    },
    "BlankWorkerService": {
      "Fn::Equals": [
        "",
        ""
      ]
    },
    "RegionHasRegistry": {
      "Fn::Equals": [
        {
          "Ref": "AWS::Region"
        },
        "us-east-1"
      ]
    }
  },
  "Outputs": {
    "Kinesis": {
      "Value": {
        "Ref": "Kinesis"
      }
    },
    "LogGroup": {
      "Value": {
        "Ref": "LogGroup"
      }
    },
    "RegistryId": {
      "Condition": "RegionHasRegistry",
      "Value": {
        "Ref": "AWS::AccountId"
      }
    },
    "RegistryRepository": {
      "Condition": "RegionHasRegistry",
      "Value": {
        "Fn::GetAtt": [
          "RegistryRepository",
          "RepositoryName"
        ]
      }
    },
    "Settings": {
      "Value": {
        "Ref": "Settings"
      }
    }
  },
  "Parameters": {
    "Cluster": {
      "Default": "",
      "Description": "",
      "Type": "String"
    },
    "Cpu": {
      "Default": "200",
      "Description": "CPU shares of each process",
      "Type": "Number"
    },
    "Environment": {
      "Default": "",
      "Description": "",
      "Type": "String"
    },
    "Key": {
      "Default": "",
      "Description": "",
      "Type": "String"
    },
    "PostgresDesiredCount": {
      "Default": "1",
      "Description": "The number of instantiations of the process to place and keep running on your cluster",
      "Type": "Number"
    },
    "PostgresMemory": {
      "Default": "256",
      "Description": "MB of RAM to reserve",
      "Type": "Number"
    },
    "Release": {
      "Default": "",
      "Description": "",
      "Type": "String"
    },
    "Repository": {
      "Default": "",
      "Description": "Source code repository",
      "Type": "String"
    },
    "Subnets": {
      "Default": "",
      "Description": "VPC subnets for this app",
      "Type": "List\u003cAWS::EC2::Subnet::Id\u003e"
    },
    "VPC": {
      "Default": "",
      "Description": "VPC for this app",
      "Type": "AWS::EC2::VPC::Id"
    },
    "Version": {
      "Description": "(REQUIRED) Lambda CustomTopic Handler Release Version",
      "MinLength": "1",
      "Type": "String"
    },
    "WorkerDesiredCount": {
      "Default": "1",
      "Description": "The number of instantiations of the process to place and keep running on your cluster",
      "Type": "Number"
    },
    "WorkerMemory": {
      "Default": "256",
      "Description": "MB of RAM to reserve",
      "Type": "Number"
    }
  },
  "Resources": {
    "CustomTopic": {
      "Properties": {
        "Code": {
          "S3Bucket": {
            "Fn::Join": [
              "-",
              [
                "convox",
                {
                  "Ref": "AWS::Region"
                }
              ]
            ]
          },
          "S3Key": {
            "Fn::Join": [
              "",
              [
                "release/",
                {
                  "Ref": "Version"
                },
                "/formation.zip"
              ]
            ]
          }
        },
        "Handler": "lambda.external",
        "MemorySize": "128",
        "Role": {
          "Fn::GetAtt": [
            "CustomTopicRole",
            "Arn"
          ]
        },
        "Runtime": "nodejs",
        "Timeout": "30"
      },
      "Type": "AWS::Lambda::Function"
    },
    "CustomTopicRole": {
      "Properties": {
        "AssumeRolePolicyDocument": {
          "Statement": [
            {
              "Action": [
                "sts:AssumeRole"
              ],
              "Effect": "Allow",
              "Principal": {
                "Service": [
                  "lambda.amazonaws.com"
                ]
              }
            }
          ],
          "Version": "2012-10-17"
        },
        "Path": "/",
        "Policies": [
          {
            "PolicyDocument": {
              "Statement": [
                {
                  "Action": "*",
                  "Effect": "Allow",
                  "Resource": "*"
                }
              ],
              "Version": "2012-10-17"
            },
            "PolicyName": "Administrator"
          }
        ]
      },
      "Type": "AWS::IAM::Role"
    },
    "Kinesis": {
      "Properties": {
        "ShardCount": 1
      },
      "Type": "AWS::Kinesis::Stream"
    },
    "LogGroup": {
      "Type": "AWS::Logs::LogGroup"
    },
    "PostgresECSService": {
      "DependsOn": [
        "CustomTopic",
        "ServiceRole"
      ],
      "Properties": {
        "Cluster": {
          "Ref": "Cluster"
        },
        "DesiredCount": {
          "Ref": "PostgresDesiredCount"
        },
        "LoadBalancers": [
          {
            "Ref": "AWS::NoValue"
          }
        ],
        "Name": {
          "Fn::Join": [
            "-",
            [
              {
                "Ref": "AWS::StackName"
              },
              "postgres"
            ]
          ]
        },
        "Role": {
          "Ref": "ServiceRole"
        },
        "ServiceToken": {
          "Fn::GetAtt": [
            "CustomTopic",
            "Arn"
          ]
        },
        "TaskDefinition": {
          "Ref": "PostgresECSTaskDefinition"
        }
      },
      "Type": "Custom::ECSService",
      "Version": "1.0"
    },
    "PostgresECSTaskDefinition": {
      "DependsOn": [
        "CustomTopic",
        "ServiceRole"
      ],
      "Properties": {
        "Environment": {
          "Ref": "Environment"
        },
        "Key": {
          "Ref": "Key"
        },
        "Name": {
          "Fn::Join": [
            "-",
            [
              {
                "Ref": "AWS::StackName"
              },
              "postgres"
            ]
          ]
        },
        "Release": {
          "Ref": "Release"
        },
        "ServiceToken": {
          "Fn::GetAtt": [
            "CustomTopic",
            "Arn"
          ]
        },
        "Tasks": [
          {
            "Fn::If": [
              "BlankPostgresService",
              {
                "Command": "",
                "Environment": {
                  "KINESIS": {
                    "Ref": "Kinesis"
                  },
                  "LOG_GROUP": {
                    "Ref": "LogGroup"
                  },
                  "POSTGRES_PASSWORD": "password",
                  "POSTGRES_USERNAME": "postgres",
                  "PROCESS": "postgres"
                },
                "Image": "mdillon/postgis",
                "Memory": {
                  "Ref": "PostgresMemory"
                },
                "Name": "postgres",
                "PortMappings": [
                  {
                    "Ref": "AWS::NoValue"
                  }
                ],
                "Privileged": "false",
                "Services": [
                  {
                    "Ref": "AWS::NoValue"
                  }
                ],
                "Volumes": [
                  {
                    "Ref": "AWS::NoValue"
                  }
                ]
              },
              {
                "Ref": "AWS::NoValue"
              }
            ]
          }
        ]
      },
      "Type": "Custom::ECSTaskDefinition",
      "Version": "1.0"
    },
    "RegistryRepository": {
      "Condition": "RegionHasRegistry",
      "Properties": {
        "Name": {
          "Ref": "AWS::StackName"
        },
        "ServiceToken": {
          "Fn::GetAtt": [
            "CustomTopic",
            "Arn"
          ]
        }
      },
      "Type": "Custom::ECRRepository",
      "Version": "1.0"
    },
    "ServiceRole": {
      "Properties": {
        "AssumeRolePolicyDocument": {
          "Statement": [
            {
              "Action": [
                "sts:AssumeRole"
              ],
              "Effect": "Allow",
              "Principal": {
                "Service": [
                  "ecs.amazonaws.com"
                ]
              }
            }
          ],
          "Version": "2012-10-17"
        },
        "Path": "/",
        "Policies": [
          {
            "PolicyDocument": {
              "Statement": [
                {
                  "Action": [
                    "elasticloadbalancing:Describe*",
                    "elasticloadbalancing:DeregisterInstancesFromLoadBalancer",
                    "elasticloadbalancing:RegisterInstancesWithLoadBalancer",
                    "ec2:Describe*",
                    "ec2:AuthorizeSecurityGroupIngress"
                  ],
                  "Effect": "Allow",
                  "Resource": [
                    "*"
                  ]
                }
              ]
            },
            "PolicyName": "ServiceRole"
          }
        ]
      },
      "Type": "AWS::IAM::Role"
    },
    "Settings": {
      "DeletionPolicy": "Retain",
      "Properties": {
        "AccessControl": "Private",
        "Tags": [
          {
            "Key": "system",
            "Value": "convox"
          },
          {
            "Key": "app",
            "Value": {
              "Ref": "AWS::StackName"
            }
          }
        ]
      },
      "Type": "AWS::S3::Bucket"
    },
    "WorkerECSService": {
      "DependsOn": [
        "CustomTopic",
        "ServiceRole"
      ],
      "Properties": {
        "Cluster": {
          "Ref": "Cluster"
        },
        "DesiredCount": {
          "Ref": "WorkerDesiredCount"
        },
        "LoadBalancers": [
          {
            "Ref": "AWS::NoValue"
          }
        ],
        "Name": {
          "Fn::Join": [
            "-",
            [
              {
                "Ref": "AWS::StackName"
              },
              "worker"
            ]
          ]
        },
        "Role": {
          "Ref": "ServiceRole"
        },
        "ServiceToken": {
          "Fn::GetAtt": [
            "CustomTopic",
            "Arn"
          ]
        },
        "TaskDefinition": {
          "Ref": "WorkerECSTaskDefinition"
        }
      },
      "Type": "Custom::ECSService",
      "Version": "1.0"
    },
    "WorkerECSTaskDefinition": {
      "DependsOn": [
        "CustomTopic",
        "ServiceRole"
      ],
      "Properties": {
        "Environment": {
          "Ref": "Environment"
        },
        "Key": {
          "Ref": "Key"
        },
        "Name": {
          "Fn::Join": [
            "-",
            [
              {
                "Ref": "AWS::StackName"
              },
              "worker"
            ]
          ]
        },
        "Release": {
          "Ref": "Release"
        },
        "ServiceToken": {
          "Fn::GetAtt": [
            "CustomTopic",
            "Arn"
          ]
        },
        "Tasks": [
          {
            "Fn::If": [
              "BlankWorkerService",
              {
                "Command": "bin/work",
                "Environment": {
                  "KINESIS": {
                    "Ref": "Kinesis"
                  },
                  "LOG_GROUP": {
                    "Ref": "LogGroup"
                  },
                  "PROCESS": "worker"
                },
                "Image": "",
                "Memory": {
                  "Ref": "WorkerMemory"
                },
                "Name": "worker",
                "PortMappings": [
                  {
                    "Ref": "AWS::NoValue"
                  }
                ],
                "Privileged": "true",
                "Services": [
                  {
                    "Ref": "AWS::NoValue"
                  }
                ],
                "Volumes": [
                  {
                    "Ref": "AWS::NoValue"
                  }
                ]
              },
              {
                "Ref": "AWS::NoValue"
              }
            ]
          }
        ]
      },
      "Type": "Custom::ECSTaskDefinition",
      "Version": "1.0"
    }
  }
}
